Price,Close,High,Low,Open,Volume
Ticker,MOTHERSON.NS,MOTHERSON.NS,MOTHERSON.NS,MOTHERSON.NS,MOTHERSON.NS
Date,,,,,
2023-01-02,49.59734344482422,49.8594163412324,48.581810502619234,48.68008643290239,16344105
2023-01-03,49.826656341552734,50.02321194575535,49.30250681401699,49.597342094814074,10859731
2023-01-04,49.00767517089844,49.95769079823142,48.51628803600113,49.924932155769774,8710752
2023-01-05,49.466304779052734,49.5645844576407,48.483530487091514,49.10595595486061,7324356
2023-01-06,49.335269927978516,49.72837739315386,48.68008582070442,49.433545857025756,8076379
2023-01-09,50.41632080078125,50.612876410424846,49.66286075463616,49.72837804152188,15335931
2023-01-10,51.59564971923828,52.05427821660747,50.318043904559175,50.54735815324377,36685590
2023-01-11,50.58012008666992,51.92324327435722,50.15425020440877,51.759446300644484,13978857
2023-01-12,51.202537536621094,51.300817212186026,50.25252191708239,50.77666769014106,18534366
2023-01-13,50.61288070678711,51.071509251891506,48.2869793350415,51.071509251891506,41603080
2023-01-16,49.49906921386719,50.84219623615885,49.4007932727669,50.645640604971426,11901637
2023-01-17,48.614566802978516,50.58011530579983,47.99214136089152,48.28697288651747,56133672
2023-01-18,48.745601654052734,48.90939861323649,48.3524942005925,48.68008436997374,10135534
2023-01-19,48.68008804321289,48.843885014756225,48.057666299524016,48.516291071669556,11815812
2023-01-20,47.828346252441406,48.680085969398014,47.46799742918112,48.51628900483258,33414445
2023-01-23,48.024898529052734,48.25421276394425,47.435235495895185,47.89386396567823,12076575
2023-01-24,48.352500915527344,48.647332483813706,47.959389658487666,48.05766934724098,10079661
2023-01-25,47.599037170410156,48.41801451969294,47.107650011043184,48.35249723150707,10755367
2023-01-27,46.91109085083008,48.02489966172727,46.05935117286284,47.56627493011363,19400304
2023-01-30,47.89387130737305,48.09042693155113,46.223154125339406,46.91109693546934,19037101
2023-01-31,49.466304779052734,50.252523462824435,48.057664376498344,48.15594030609991,23899842
2023-02-01,48.54905319213867,49.95769364313789,47.566278866378674,49.72837938386145,13454178
2023-02-02,49.105953216552734,49.40078473790305,47.631791860814936,48.352493217996944,21250107
2023-02-03,49.7283821105957,50.44908357227004,48.87664606442789,49.335274608128536,21671890
2023-02-06,51.497371673583984,51.7594408053218,49.33526759587115,49.72837504246408,22104030
2023-02-07,52.48015213012695,52.80774233259041,51.366339443372574,51.497377773749946,39149149
2023-02-08,52.90601348876953,53.36464198017496,51.75944226025597,52.48014738873848,41891415
2023-02-09,51.95600128173828,53.69223568543577,51.36633818198689,53.69223568543577,37864893
2023-02-10,52.5456657409668,53.16808745695685,51.82496434682973,52.0542785971909,20582980
2023-02-13,52.11979675292969,52.93877408989221,51.82496521154209,52.70945983570488,12741529
2023-02-14,52.41462707519531,53.06981117891815,51.595649757281535,52.34910978951894,13355443
2023-02-15,52.48015213012695,53.03705659901082,52.152558178676856,52.611186711517675,8324116
2023-02-16,52.512901306152344,52.93876736786508,52.38186299940429,52.676694503354945,11105386
2023-02-17,52.218074798583984,52.77498300930051,51.792208665548124,52.61118603567958,7559548
2023-02-20,53.692230224609375,55.199150214254715,53.26636413987391,53.72498886582086,46480078
2023-02-21,53.823272705078125,54.052586960296665,53.26636826339873,54.01982831654922,12453493
2023-02-22,53.757755279541016,54.01982817783402,53.26636812661831,53.39740270127159,19416834
2023-02-23,53.95431137084961,54.18362187853434,53.10257163207465,53.79051440208831,14527701
2023-02-24,54.01982879638672,54.38017762979585,53.49568299379898,54.05258744042514,8509320
2023-02-27,51.39909744262695,54.18362350103108,50.90771027061525,54.18362350103108,15409105
2023-02-28,52.1853141784668,53.33188545244291,51.628409737815446,51.628409737815446,18410106
2023-03-01,53.33188247680664,53.46292079322972,52.28359094136699,52.414625508803816,11773822
2023-03-02,52.90601348876953,53.3318833377869,52.742216527842935,53.069810449696135,6612655
2023-03-03,52.4473876953125,53.462924406514105,52.18531479374043,53.43016201345441,13098846
2023-03-06,54.51121520996094,54.937085074613286,53.7249927678377,53.7249927678377,27097054
2023-03-08,54.74052810668945,54.87156267780311,53.856029755726816,54.150861289718904,10075456
2023-03-09,54.18362045288086,54.969842883059194,53.659474665419566,54.83880456170067,9390082
2023-03-10,54.412933349609375,54.54397166770738,53.299124516214654,53.75775300607823,7752126
2023-03-13,52.283592224121094,54.183619741475205,51.955998299519145,53.79051228053375,11594085
2023-03-14,51.62841033935547,52.54566736922364,51.23529911255868,52.34911175582524,11070147
2023-03-15,50.318050384521484,52.34911649244329,49.79390078503784,51.95600523007727,7833699
2023-03-16,44.88002395629883,46.7145379860611,43.27482792924327,46.7145379860611,629861299
2023-03-17,44.4213981628418,45.731762618579225,43.50414116933242,45.469689727431735,42735310
2023-03-20,42.94723892211914,44.25760344430507,42.68516601768195,43.60241930871883,50692723
2023-03-21,42.94723892211914,43.43862608656218,42.2920547865329,43.307587759850314,33706230
2023-03-22,42.881717681884766,43.50414317010207,42.68516581622443,43.209311622625044,32063304
2023-03-23,42.75067901611328,42.88171358068806,42.29205054212923,42.88171358068806,21396952
2023-03-24,42.42308807373047,43.40586237272016,42.06273924696125,42.75068200605132,20444788
2023-03-27,42.02997970581055,42.521366844809876,41.60410985228143,42.4230871676182,26154885
2023-03-28,41.21100616455078,42.2265391782864,40.49030471141796,42.12825949209434,33483847
2023-03-29,42.29205322265625,42.58688476062248,41.04720603536497,41.211003000451285,30268953
2023-03-31,43.962772369384766,44.028289658953746,42.4558522153787,42.84895970177917,22257579
2023-04-03,44.29035949707031,44.51967374365776,43.93001068042508,44.45415645862887,11383434
2023-04-05,44.25760269165039,44.5196755916307,43.79897417943822,44.290361335524615,8557086
2023-04-06,44.486915588378906,44.61795390885819,43.89724876970166,44.2248426964067,7116240
2023-04-10,44.519676208496094,44.8800250450921,43.962771756944754,44.650714534795156,10099228
2023-04-11,44.7817497253418,45.01106398776546,44.3558798452712,44.55243546291813,10143691
2023-04-12,45.109344482421875,45.79728353307959,44.74899188542341,45.109344482421875,19766322
2023-04-13,44.74898910522461,45.6334874710984,44.42139892293149,45.305893539818854,8728773
2023-04-17,45.109344482421875,45.20762041851965,44.15932877086346,44.68347459469155,9565654
2023-04-18,45.01106262207031,45.40417384543667,44.74898972282156,45.37141145266741,13915387
2023-04-19,45.20762252807617,45.56797139290322,44.617959386000344,45.01106689772195,15196144
2023-04-20,45.862796783447266,45.92831781739358,45.01106083200846,45.338651005794716,9237451
2023-04-21,45.89556121826172,46.19039276269439,45.46969134908871,46.19039276269439,9679335
2023-04-24,46.41970443725586,46.58350139682383,45.40417153570431,45.99383459177093,16817200
2023-04-25,46.61626052856445,46.84557102578733,46.190390678606484,46.51798085219691,11150157
2023-04-26,47.074893951416016,47.50076009699116,46.41970978662753,46.61626541096275,22892986
2023-04-27,47.500755310058594,47.6645522719956,46.845571211296885,47.238682420351175,11086020
2023-04-28,48.090423583984375,48.38525512523497,47.50075675249674,47.566277788653004,12593839
2023-05-02,49.23699188232422,49.63010310951897,48.15594163101841,48.483531821023035,17442015
2023-05-03,48.974918365478516,49.43354687511727,48.81112139803997,49.105956689226645,10144740
2023-05-04,49.49906921386719,49.630107550987745,48.876647422258344,48.974923363358634,10833310
2023-05-05,49.335269927978516,49.85941571420324,49.1059556778819,49.269748892960635,16258624
2023-05-08,49.826656341552734,50.15424651589954,49.33526920553937,49.368027848075414,16566717
2023-05-09,49.7283821105957,50.51460461350352,49.400791900375275,50.023217423679505,12273862
2023-05-10,51.300819396972656,51.43185397132465,49.85941658518205,49.92493387235805,18543394
2023-05-11,51.00598907470703,51.95600100842304,50.84219210386594,51.562893526985576,18639718
2023-05-12,51.333580017089844,51.89048447750155,50.84219284637679,51.10426575415798,25613259
2023-05-15,51.53013229370117,51.890481112663515,51.235297011202654,51.464611259264636,8074477
2023-05-16,51.366336822509766,52.18531416137507,51.03874663676093,51.66116836458236,9653889
2023-05-17,51.137020111083984,51.59564859849096,50.350801453666136,51.49737267218359,10742950
2023-05-18,51.53013229370117,52.34910960878749,51.235297011202654,51.333576688364275,22690428
2023-05-19,52.512901306152344,53.26636126024223,50.6456288661549,51.72667896363596,29186566
2023-05-22,52.34911346435547,53.20084948489814,51.92324357959082,52.80774199425792,23451744
2023-05-23,53.36464309692383,54.118103134575556,52.64394170234569,52.77498002362644,27030217
2023-05-24,53.43016052246094,53.987068703124,52.80773880446617,53.20084627136118,12348568
2023-05-25,53.528446197509766,53.65948078482527,52.77498607348516,53.39740786120744,14993076
2023-05-26,52.90601348876953,53.98706743250698,52.41462635497605,53.85602911396844,35897061
2023-05-29,52.77497863769531,53.72499050884018,52.28359150652308,53.72499050884018,18816135
2023-05-30,52.0870361328125,53.168086326540504,51.92323917204092,52.77497886926955,9884769
2023-05-31,51.792205810546875,52.250830563228305,51.33357730887906,52.11979599074401,42198186
2023-06-01,51.693931579589844,52.381874404585474,51.5301383467243,51.75944887273606,9208801
2023-06-02,52.643943786621094,52.742219719732795,51.79220778602672,52.08703933434837,8925031
2023-06-05,53.03705596923828,53.36464616781186,52.676703376719395,53.06981461419698,11033119
2023-06-06,52.676700592041016,53.46292302543365,52.4473863404659,52.93877348684309,14735572
2023-06-07,52.742218017578125,53.03705330537106,52.38186919214491,52.87325633981792,10022286
2023-06-08,53.03705596923828,53.888791985124236,52.6439447317607,53.03705596923828,19477347
2023-06-09,53.56119918823242,53.85603072754467,52.80773914377381,53.23360525656421,18377637
2023-06-12,54.87156295776367,55.29743281402862,53.62671578090076,54.01982699422015,29255616
2023-06-13,55.428470611572266,55.6250224673902,54.57673090708249,55.26467364940431,15117034
2023-06-14,54.412933349609375,55.625021858824184,54.18361910467759,55.59226321654626,9889413
2023-06-15,53.823272705078125,54.70776733321837,53.39740283838849,54.41293579050495,14896459
2023-06-16,54.08534622192383,54.67500931408706,53.65947635036898,54.478457449356995,24921823
2023-06-19,53.200843811035156,54.576729254004505,53.069809244458774,54.54397061236041,16915311
2023-06-20,53.85602951049805,54.24914072002175,53.06981084043699,53.561197977848444,18593254
2023-06-21,56.24745178222656,56.47676604539491,54.01983018929587,54.11810612394519,38777167
2023-06-22,55.5267448425293,57.81988349786843,55.33018924373195,56.640553654070565,40951209
2023-06-23,54.44569778442383,55.49398937260899,53.29912651672978,55.42847208559403,24648064
2023-06-26,55.59226608276367,55.82158033951841,54.347418867089296,54.44569854797647,20644776
2023-06-27,55.723304748535156,56.14917087169671,55.33019352055439,55.690542355381325,19798344
2023-06-28,56.214691162109375,56.60779863588052,55.39571007286211,56.28020844957349,29239720
2023-06-30,56.149173736572266,56.60780227628806,55.887100820875624,56.28021206891394,16270116
2023-07-03,56.41124725341797,56.607799117482514,55.88709770228636,56.542281829461,9357436
2023-07-04,55.788822174072266,56.67331681572446,55.559507915350615,56.67331681572446,10656460
2023-07-05,59.16301345825195,61.3578763058956,58.0819594816292,59.62163821462228,91076451
2023-07-06,59.98199462890625,60.86649305284653,58.966461623040985,59.52336609419549,32863102
2023-07-07,59.850955963134766,60.37510175304366,59.32680642423946,59.850955963134766,14045424
2023-07-10,59.49060821533203,60.571658526090594,59.13025561242137,60.27682696397342,9220122
2023-07-11,60.53889465332031,61.19407876178022,59.490603078973564,59.81819325871032,23057428
2023-07-12,61.0302848815918,61.78374495735302,60.66993604056973,60.964767592130805,21011205
2023-07-13,62.27513122558594,63.58549574078673,61.71822677524891,62.79928078065278,51782271
2023-07-14,62.96307373046875,63.06134966281514,62.40616928253284,62.79928050989143,22201584
2023-07-17,62.89755630493164,63.45446075165182,62.799280372799785,63.323426175476015,12381352
2023-07-18,63.19239044189453,63.454459589446195,62.733758186719825,63.15962430047771,13602376
2023-07-19,63.02859115600586,63.6182542493418,62.89755657925855,63.48721967259449,7568469
2023-07-20,63.3561897277832,63.42170702094679,62.40617398096399,63.028595763991675,10056472
2023-07-21,63.552734375,64.33895679943846,62.60272248527853,62.897554019949766,22704619
2023-07-24,63.58550262451172,63.81482065710752,63.257916146480376,63.552743976708584,13729512
2023-07-25,64.37171173095703,65.8458730683072,63.38893750605693,64.01135918236771,28335930
2023-07-26,64.92862701416016,65.32173826964119,64.633791698056,64.73207513540642,10292223
2023-07-27,65.74760437011719,65.97691488207137,64.76483003722447,65.3217344928006,13267123
2023-07-28,63.880332946777344,66.10795081472024,62.83204130327795,66.10795081472024,30132093
2023-07-31,64.40447998046875,64.69931529111437,63.323429671390485,64.17516945950148,13546888
2023-08-01,64.7975845336914,65.19069574127761,64.2406801137662,64.40447332610519,8435149
2023-08-02,63.42170333862305,65.45276930066305,62.50444629164243,64.76483026441416,14917627
2023-08-03,63.552734375,63.74929373009598,62.56996009343828,63.290665232169,13528398
2023-08-04,63.3561897277832,64.79759267130292,62.766522842350525,63.55274160727397,10489303
2023-08-07,64.6337890625,64.83034843121224,63.02859295754517,63.35618690675007,11200576
2023-08-08,64.27344512939453,65.19070220539056,64.14240304855696,64.99414283312092,10941921
2023-08-09,64.6337890625,64.8631070763354,63.945850016940284,64.8631070763354,5965650
2023-08-10,62.76651382446289,65.223453203955,62.373406372973704,64.60102401238035,31077909
2023-08-11,64.41566467285156,67.94483738956315,63.78899097809945,65.2402404890792,70453902
2023-08-14,63.65705871582031,64.77847634559336,61.74404773021115,64.77847634559336,14034900
2023-08-16,63.62407684326172,63.82197140934963,62.667567567519015,62.8324834805225,10083418
2023-08-17,62.33774185180664,63.98688594524477,62.1398435037069,63.98688594524477,13748719
2023-08-18,62.13983917236328,62.56861826759263,61.51316174282832,62.40370235990516,12099742
2023-08-21,63.12933349609375,63.2612669905944,62.04089820850135,62.27177899292961,8188275
2023-08-22,62.8654670715332,63.26126376022705,62.53563901401964,63.26126376022705,6357115
2023-08-23,62.43668746948242,63.2282808407203,62.337740185376155,63.195294638087944,8668861
2023-08-24,62.56862258911133,63.03038414285197,62.46967152782574,62.66756987579988,9815947
2023-08-25,63.26126480102539,64.11882304910529,62.20580820534267,62.60160490054832,16118761
2023-08-28,63.29424285888672,64.18478347430198,62.99739347068379,63.591084697896115,9407541
2023-08-29,63.62407684326172,63.75600655398699,62.93143076356645,63.327227444936064,11783785
2023-08-30,63.426177978515625,64.15180652308003,63.36021311977235,63.75600982142619,7547463
2023-08-31,63.19529342651367,63.788988443559816,62.9644126600952,63.62407630654438,13079830
2023-09-01,64.51460266113281,64.7454871780468,62.73352911970597,63.195286829744525,12505060
2023-09-04,67.51605987548828,67.94483900817345,64.71251562207638,65.37217176125667,36375070
2023-09-05,65.93287658691406,68.20870182940408,65.66901716702753,68.20870182940408,19532676
2023-09-06,65.37217712402344,66.46061248517803,65.17428253079345,66.26271789194804,10453140
2023-09-07,65.50409698486328,66.62552215847863,65.14129028526396,65.73498152471109,14953033
2023-09-08,65.66902160644531,66.16376560137243,65.50410190867343,65.96586347388504,9742446
2023-09-11,66.69149017333984,66.88938474613552,65.86691435496975,66.72447260213912,16661668
2023-09-12,64.31671905517578,66.98833359625155,63.887939921582046,66.92236873711316,23895127
2023-09-13,64.34970092773438,64.71251519904921,63.12933217125217,64.11882392274849,10872583
2023-09-14,65.00935363769531,65.27322060725767,64.34969753758006,65.2402381797116,9136813
2023-09-15,64.94338989257812,65.7020008374911,64.7125128958096,65.17427443854055,10279875
2023-09-18,65.47111511230469,66.19674361603832,64.11882048577215,65.00935357789068,13756206
2023-09-20,65.07532501220703,65.89990088185462,64.81146556540429,65.6360414350519,7792902
2023-09-21,63.55810546875,65.04233738604466,63.19529498377877,64.97637252961299,9700374
2023-09-22,63.426177978515625,63.82197468016947,62.832486700631954,63.55810769600218,11769472
2023-09-25,63.854957580566406,64.25075428513983,63.030385516401736,63.65706300287681,7286166
2023-09-26,64.28372955322266,64.4816241088658,63.72302076304035,63.85495046680245,8668770
2023-09-27,64.11882019042969,64.28373232724874,63.2612619805832,64.01986535914455,18126483
2023-09-28,62.99739456176758,64.51460885722916,62.700548943020195,64.1188197316951,15010879
2023-09-29,63.32722854614258,64.0528495169433,63.096347773761636,63.42617583090714,15959247
2023-10-03,63.162315368652344,63.65706313771567,62.46967302148024,63.36021372135824,10168356
2023-10-04,61.1833381652832,63.03038438741242,60.75456281337211,62.96441575476705,14032089
2023-10-05,61.1833381652832,61.94194535662997,60.88649252946874,61.513166230121826,11089231
2023-10-06,61.11737060546875,61.44719865572693,60.75456012764444,61.21631788816713,5646508
2023-10-09,59.66612243652344,60.45771203903612,59.468224092246025,60.292799897635746,7824195
2023-10-10,61.5461540222168,61.81001723581728,59.699107752416296,59.699107752416296,18993229
2023-10-11,62.93143081665039,63.49213963689956,61.6780796907186,61.90896045927948,21932067
2023-10-12,62.964412689208984,63.19529345573421,62.4696687287402,62.76651812469896,8441802
2023-10-13,62.23879623413086,63.06336830296271,62.172827599930486,62.37072595333733,11952223
2023-10-16,64.21776580810547,64.41566036715923,62.139838966670055,63.096344433816974,13268203
2023-10-17,64.1847915649414,64.97637745127453,63.85495970860582,64.91041258984632,10335012
2023-10-18,63.55810546875,64.3826812725339,63.22828118659157,64.18478670323884,5709649
2023-10-19,63.45915985107422,63.65706197476177,62.76652129115309,63.26126527658079,7593751
2023-10-20,61.5461540222168,63.59109109667265,61.2493083787409,63.26126679791848,9394584
2023-10-23,61.2163200378418,62.17282556923578,60.62262877160961,62.17282556923578,12112683
2023-10-25,60.655609130859375,62.17282344799622,60.02893168268709,62.13984102039719,7835080
2023-10-26,60.655609130859375,61.11737066643961,58.51171736555023,60.02893168268709,21076773
2023-10-27,61.01841735839844,61.48017887694673,60.49069098708517,60.98543493201595,5618437
2023-10-30,60.91947555541992,61.348254686129515,59.962970005958724,61.31527225678217,6584886
2023-10-31,60.655609130859375,61.678079484816955,60.490693218267324,61.678079484816955,7227289
2023-11-01,60.62263107299805,61.34825585627117,60.358767858589374,61.15035750181538,6053035
2023-11-02,60.688594818115234,61.28228987057656,60.42473160855368,61.15035637849724,8720628
2023-11-03,59.76507568359375,61.34825494656961,59.5671773320725,60.85351095506502,10547119
2023-11-06,60.655609130859375,60.787542615852395,59.6331387769018,60.622626703260345,10177891
2023-11-07,60.655609130859375,61.15035309403865,60.16086516768011,60.72157398605744,10379964
2023-11-08,61.249305725097656,61.74404970098828,60.19384914182654,60.91947389143925,9987193
2023-11-09,59.36927795410156,61.57913466292182,58.70961805196809,61.34825388590495,26728344
2023-11-10,58.313819885253906,60.35876049095671,57.58819519055344,59.36927261405578,26106264
2023-11-13,59.13839340209961,59.99594782299547,58.64364945072979,59.99594782299547,14424292
2023-11-15,59.798057556152344,59.99595213123341,58.67663609104097,59.99595213123341,21373297
2023-11-16,60.09490203857422,60.35876524154226,59.43524214385563,59.7980564070598,10942137
2023-11-17,59.40225601196289,60.09489829204609,59.17137525193516,60.06191586555595,15039484
2023-11-20,58.643653869628906,59.73208913481925,58.44575551924964,59.69910670552221,13839805
2023-11-21,58.37978744506836,59.006461116388614,58.21487153306977,58.70961549446866,9720522
2023-11-22,57.8520622253418,58.610669396511256,57.258367194906825,58.47873590932672,14601499
2023-11-23,58.14891052246094,58.64365451656843,57.52223303511279,57.52223303511279,10244439
2023-11-24,57.720130920410156,58.412773261472886,57.58820120283465,58.21487491051252,9430222
2023-11-28,59.33629608154297,59.56717686072466,57.2583690689078,58.18189218563454,20684302
2023-11-29,61.05140686035156,61.81001403195592,59.402259029882664,59.69910465797186,38956030
2023-11-30,60.72157669067383,61.31527173769102,60.35876619632754,61.31527173769102,24178086
2023-12-01,61.41421890258789,61.9089628868184,60.22683258551526,61.28228918657818,21828052
2023-12-04,61.315269470214844,62.56862060143871,61.117371128527516,62.33773983190297,22662147
2023-12-05,61.5461540222168,62.007911815069775,60.85351167104161,61.38123809824257,16032783
2023-12-06,61.908958435058594,62.667565571355524,61.513161766296385,61.87597600842787,20365620
2023-12-07,61.579132080078125,62.10685846981141,61.21631782801345,62.00790741261336,11059675
2023-12-08,62.66756820678711,62.96441383354397,61.41421706912718,61.612115411830736,21478791
2023-12-11,63.95390319824219,64.64654930044482,62.9314328085088,63.030383869365046,47758251
2023-12-12,62.70055389404297,64.51461395149552,62.304760962659074,64.28373694336992,19586982
2023-12-13,63.0303840637207,63.657061535752554,62.43668902054364,62.964415431414125,15024408
2023-12-14,65.17427825927734,65.33919040949401,63.19529848530288,63.88794084000437,42141489
2023-12-15,64.81145477294922,65.89988990815246,64.51460539553322,65.80094263207822,25425507
2023-12-18,64.61357116699219,65.53708678266463,64.31672173928689,65.0423427692855,13382241
2023-12-19,63.55810546875,65.00935495782882,63.42617575588663,65.00935495782882,16437145
2023-12-20,60.820526123046875,64.28373392677548,60.226831091935225,63.98688452392119,19958163
2023-12-21,61.97492599487305,62.40370510899151,59.501206143569505,60.028932541901334,16081480
2023-12-22,62.535640716552734,62.79950392466666,61.875980808969395,62.73353906628744,11373295
2023-12-26,63.39319610595703,63.69004552210333,62.23879596942167,62.66757132961621,19490901
2023-12-27,63.591087341308594,63.7889894580683,62.865466377706596,63.65705974635773,15431011
2023-12-28,64.41566467285156,64.64654922304067,63.16231350875033,63.8879382642402,17843449
2023-12-29,67.25220489501953,67.84589621453385,64.3167231799376,64.81146720439865,103303900
2024-01-01,69.82486724853516,71.50699379003359,67.61501428916304,67.81290886491786,79068615
2024-01-02,69.26416015625,71.8368274522147,68.24168972388973,71.17717130045806,33922234
2024-01-03,67.2192153930664,69.72591768339552,66.85640113350466,69.59398797053449,33251532
2024-01-04,68.24168395996094,68.93432248334305,67.35114332333129,67.4171081780159,32104879
2024-01-05,68.63748168945312,70.35259058512618,67.97781803410717,68.8023938286927,36242838
2024-01-08,69.72592163085938,70.7154096317238,68.53853150030547,69.6269743406118,48036397
2024-01-09,70.61646270751953,72.03472985600277,69.98978143431445,70.41856057680421,51733212
2024-01-10,72.0017318725586,72.62841307609932,69.52801213256335,70.58347243092905,38273914
2024-01-11,72.4964828491211,73.42000598148107,72.03472883213539,72.36455312998233,54171232
2024-01-12,70.84733581542969,73.1231611234888,70.58347638794108,73.1231611234888,36360897
2024-01-15,70.84733581542969,70.84733581542969,70.84733581542969,70.84733581542969,0
2024-01-16,72.13367462158203,72.95824289824805,71.0452393629309,72.33156919617528,28529832
2024-01-17,71.30909729003906,72.36455009730555,70.28662691117502,70.58347631599108,26074947
2024-01-18,71.1441879272461,72.33157049450703,68.83538010291176,71.24313521631879,24343167
2024-01-19,72.26560974121094,73.18913292341867,71.47401628526298,71.6719184238473,17999988
2024-01-23,70.15469360351562,72.10068697634242,69.49502997087339,71.73787273330855,44544520
2024-01-24,72.56246185302734,72.92526861363419,68.73643925670461,69.95680436804481,31401241
2024-01-25,76.12460327148438,76.61934722034654,72.33156381380992,72.82630776267209,66744631
2024-01-29,76.78426361083984,77.83971642037245,75.59688108741416,76.68531632542003,33730098
2024-01-30,75.36599731445312,77.37795566880237,75.0361730263264,77.37795566880237,15796419
2024-01-31,74.70633697509766,75.69582488205259,74.40948758333373,75.53091274729131,16940139
2024-02-01,75.99267578125,76.71829673778709,74.97019787786674,75.33301213073217,26823478
2024-02-02,76.42144775390625,77.41093568584664,76.02565862048515,76.55338501424043,14048137
2024-02-05,77.21304321289062,78.63131029368961,76.45443225487493,77.04813106949331,15137983
2024-02-06,78.33445739746094,78.63130679154882,76.71829581656701,77.44391676439096,15072040
2024-02-07,80.67625427246094,80.9731036915588,77.11409898925811,78.92815528625164,25547152
2024-02-08,79.02711486816406,81.13802071093983,78.730265431251,81.07205584700243,14054334
2024-02-09,79.98361206054688,80.7422154650381,77.31199005759706,79.48886808398514,20789388
2024-02-12,75.4649429321289,81.40187057745487,72.19963725671596,81.17099358087157,30103014
2024-02-13,76.15758514404297,78.10357849868895,72.49647541958328,78.10357849868895,41025993
2024-02-14,75.23406219482422,75.69582371422543,74.01369731803115,75.62985886133862,23923629
2024-02-15,74.70633697509766,76.3884633972436,74.37650515638147,76.32249854333908,16961917
2024-02-16,75.23406219482422,76.55338190014102,74.97019523408346,75.46493917992807,15701937
2024-02-19,74.64037322998047,77.11409303411507,74.54142594765383,75.86073814372979,11217888
2024-02-20,74.87125396728516,75.1681033783078,73.55194170521457,75.00319123284751,10597477
2024-02-21,74.6073989868164,75.76179917231663,74.31054955807899,74.87125843529894,17532744
2024-02-22,75.26705169677734,75.53091868232303,73.18912843873267,74.9372198521438,13317978
2024-02-23,76.28952026367188,76.91619395902589,75.06915530170912,76.32250269241713,15841140
2024-02-26,76.12460327148438,76.81724178021398,75.59687689597763,76.42144511128554,7830067
2024-02-27,76.09162902832031,76.48742573981579,75.39898289590464,76.48742573981579,13473025
2024-02-28,78.20252990722656,78.79622116305168,75.76179247843982,76.45443101870347,46088626
2024-02-29,78.63130950927734,78.96114134197565,76.91619303827888,77.41093701272936,38238361
2024-03-01,78.76323699951172,79.48886550112765,77.80673150595946,78.73025457209225,26272923
2024-03-04,78.8951644897461,80.90712270250954,78.66428750430468,79.81868752989874,27703375
2024-03-05,82.7541732788086,83.44681937115097,78.82920391951492,80.18150612672218,66481314
2024-03-06,79.7197494506836,81.6657430350461,77.74077343602303,81.6657430350461,694984567
2024-03-07,78.46639251708984,80.0825540539393,78.16954313109186,79.12604859251557,25374204
2024-03-11,76.71829986572266,78.43340881877062,75.7947767566991,78.43340881877062,34194975
2024-03-12,76.5204086303711,77.60884393163613,75.89372735456868,77.21304721775947,25512529
2024-03-13,72.69438171386719,76.8172456454381,70.91330038866705,76.52040379070071,46975041
2024-03-14,74.21159362792969,74.50844302211888,71.44102444614283,71.57296170422342,24998371
2024-03-15,73.4529800415039,74.93721186027388,72.13366790205954,74.21159093849882,35826564
2024-03-18,74.4424819946289,74.77231386644405,73.48597636064034,74.40949956236688,17735347
2024-03-19,73.32105255126953,75.13511623427154,73.09017556211332,74.40948774139328,19219557
2024-03-20,73.9477310180664,74.50844741226126,72.66140118223947,73.81580130140603,18882471
2024-03-21,76.02566528320312,76.55339172320717,74.60739811656897,74.90423999264935,37905846
2024-03-22,76.71829986572266,77.04813170442938,75.66284704089404,76.85022958152771,22605883
2024-03-26,77.344970703125,77.70778495735838,75.39897727022841,75.39897727022841,15085734
2024-03-27,77.37796020507812,78.07060634913867,76.9491810561822,77.64182720024274,13128432
2024-03-28,77.24603271484375,77.97166131062443,77.01515569294654,77.8397240346313,18315744
2024-04-01,79.25798797607422,79.42290012776995,77.2790119589478,77.2790119589478,13253416
2024-04-02,79.78571319580078,80.80818361913401,79.2579867692157,79.68676590629,26424223
2024-04-03,79.42289733886719,79.75272917987114,78.96114333033343,79.68676432150917,11443332
2024-04-04,78.8951644897461,81.33590179609423,78.23550841071999,79.45588083849083,25639474
2024-04-05,78.76323699951172,79.09306882290021,77.77374907853998,78.63130728983381,12842899
2024-04-08,79.55484008789062,79.8846644024327,78.30148504504673,78.7632466346003,12148297
2024-04-09,77.7077865600586,79.78570974673522,77.11409529946441,79.71974488991297,10797178
2024-04-10,78.49938201904297,78.76324145331918,77.5428764714034,77.83971833496413,16170637
2024-04-12,79.5218505859375,81.23695951664543,78.0046362263595,78.36744294009769,33069286
2024-04-15,79.68675994873047,80.01659177163505,77.04812801307507,77.93866110128808,22711540
2024-04-16,81.96259307861328,82.91909866290065,78.00464101927089,78.00464101927089,44835511
2024-04-18,83.0180435180664,85.72264048961631,82.45733466600828,83.61173479970475,77434396
2024-04-19,83.80962371826172,84.30436767775369,79.98360930093257,82.78715337192457,29621212
2024-04-22,84.2384033203125,85.06297910739788,80.21448676591686,83.51278236506462,53454127
2024-04-23,84.0405044555664,85.39280656342926,82.98505172964192,84.20541658486918,20074206
2024-04-24,83.71068572998047,84.99702318714961,83.1169944225157,84.99702318714961,14101944
2024-04-25,83.90858459472656,84.30437375147987,83.11699118283141,83.38085062066696,15323953
2024-04-26,86.48125457763672,87.27284046521658,84.07349938574212,84.4692961041293,57540150
2024-04-29,86.28334045410156,87.70160742754621,85.62368438125031,87.1738810594265,18722745
2024-04-30,86.54721069335938,87.99846014799701,86.31632615213394,86.94300737175033,21953337
2024-05-02,85.88755798339844,86.91002837254408,85.26087673906217,86.41528439233832,16745535
2024-05-03,86.54721069335938,87.23984921864822,85.52474034454579,86.28334372470084,14623228
2024-05-06,84.33734893798828,87.27283022696365,83.77664013154936,87.27283022696365,13162159
2024-05-07,82.72119140625,84.86507945585909,81.1050297619169,84.76613217034371,17769252
2024-05-08,84.93104553222656,85.12894008850841,82.5892555369243,82.78715009320615,12858696
2024-05-09,82.78716278076172,86.18440602859887,82.45733846974471,85.5247498573703,17142588
2024-05-10,84.17243957519531,84.7661308280805,82.68820766838537,83.18295163732202,21527007
2024-05-13,82.49031829833984,84.10648001891822,80.77520173838374,84.10648001891822,27284988
2024-05-14,84.13946533203125,84.63420934909502,82.2924189885413,82.68821571203124,12772726
2024-05-15,83.34786224365234,84.63419955889681,82.68820614693898,84.60121713152083,12439588
2024-05-16,83.94156646728516,84.3703380509219,82.88610607536593,83.97454889679568,8724822
2024-05-17,85.32685089111328,85.8215949252111,84.13946822895645,84.66719469538113,18197251
2024-05-21,86.81106567382812,87.99845564828496,85.29385144190552,85.42578869408517,30216357
2024-05-22,87.9324951171875,89.38374456892134,86.87704234305266,87.33879632619215,33427041
2024-05-23,90.60411834716797,91.36272934924287,86.41528926804189,88.52619502290246,33918772
2024-05-24,92.45115661621094,92.87993572584733,90.07638407394444,90.93394229321726,45794625
2024-05-27,94.79295349121094,96.11226579274363,92.28624351007126,93.01187207018916,42460551
2024-05-28,93.6715316772461,95.48559559528178,92.22028205265647,95.48559559528178,19186863
2024-05-29,97.43157958984375,98.25615538896483,92.31922775335835,93.57257511686076,65112288
2024-05-30,100.0702133178711,100.69688701051696,93.86942615022984,98.81686593257935,166704804
2024-05-31,99.77336883544922,103.53341844159304,98.94879304368722,101.88427440726286,111308170
2024-06-03,98.58597564697266,105.34747880583242,98.28913380681973,105.34747880583242,47148160
2024-06-04,93.77046966552734,99.57546758780873,88.72408268615052,99.57546758780873,75212941
2024-06-05,100.30110168457031,100.9277754010663,93.67152759439546,94.00135944216959,47792667
2024-06-06,100.56495666503906,102.37902042358157,98.61896319291351,101.25760275973789,47578168
2024-06-07,103.36851501464844,104.22607330641902,99.80635967470181,100.89479498007516,46043448
2024-06-10,108.56661987304688,109.16690913309887,104.19308491398142,104.88572346435141,72906954
2024-06-11,107.53095245361328,110.22895887450613,106.75915306234212,109.10753366446329,32050354
2024-06-12,109.41758728027344,109.80018800690472,107.46499567114078,107.8541943937681,32831823
2024-06-13,111.32398986816406,111.49550000176039,109.63526541528476,110.16299180680954,26522145
2024-06-14,115.18958282470703,116.16588229466934,110.70390479682904,111.71318669388793,40038670
2024-06-18,118.94964599609375,122.08962002141884,115.50622456691478,115.73710911760308,83345070
2024-06-19,120.25577545166016,121.70042703802956,116.70021812714319,119.53015443511983,73177087
2024-06-20,122.32050323486328,124.14775543683017,119.96551707971935,120.98138946373757,61598674
2024-06-21,123.83112335205078,124.87338020059657,120.92202627174757,122.69650966175917,49642555
2024-06-24,124.20052337646484,125.4011018802229,120.53282300883392,123.40893755099005,35866704
2024-06-25,127.24156188964844,128.35638158813362,124.25330397147071,124.37863569292642,53325444
2024-06-26,127.80886840820312,129.62952265770542,125.81669646780517,126.78639045528534,50254263
2024-06-27,130.9752197265625,132.06364737983012,127.03706203142521,127.80886140136701,82392340
2024-06-28,125.53964233398438,130.8564945273864,125.3285517652277,130.8564945273864,39194205
2024-07-01,129.787841796875,131.5953000193616,126.71382510147234,127.67033817711196,58307166
2024-07-02,133.88430786132812,136.62848489681224,129.88676847008293,130.31554754735106,72638686
2024-07-03,135.6126251220703,136.2986808062149,134.10861423009692,134.57036825171258,45969681
2024-07-04,136.26568603515625,137.78949086113127,135.23002719707915,135.74455006910864,33270364
2024-07-05,135.2300262451172,136.9451276371222,132.9146129437313,136.84618790014602,25978965
2024-07-08,132.8816375732422,136.1271568624756,132.47925043446457,135.76434259866463,18354111
2024-07-09,133.9304962158203,134.4318382039128,131.73383168193754,133.349993377146,20849716
2024-07-10,132.2615509033203,134.76824546584984,129.7878312174626,134.3724563554673,26757825
2024-07-11,130.94882202148438,133.18507428652174,129.09517797622874,129.62291188988766,25200132
2024-07-12,129.83401489257812,131.77341796090724,129.603130339551,131.27207597926548,11622349
2024-07-15,132.9739990234375,133.37638617616753,129.6624996637897,130.2364045102278,21148968
2024-07-16,132.7035369873047,134.41865366648585,132.3605166711464,133.41596960486027,13018024
2024-07-18,134.7748565673828,135.82371140044313,130.8564926590296,131.93172437631515,83597221
2024-07-19,126.78639221191406,135.7577489652947,126.21908536270594,135.43452266445243,29569963
2024-07-22,125.49346160888672,127.55159084187987,124.14775737047154,126.62147728679444,28416783
2024-07-23,127.1426010131836,127.65713896434656,119.47077055777697,126.91831446532345,21033669
2024-07-24,125.25597381591797,127.14260037877877,124.54354885117557,127.14260037877877,25969308
2024-07-25,126.2454605102539,126.54890789985039,122.03684542116738,124.01582125205553,22550532
2024-07-26,129.5569610595703,129.72188075638505,126.2520672670566,126.2520672670566,19007992
2024-07-29,129.10836791992188,131.35780097128682,127.841824704519,130.61239365010758,29413480
2024-07-30,128.0463409423828,129.55696494685023,127.32731036863365,129.29310550274045,12741376
2024-07-31,129.66909790039062,130.67837988037257,128.1057050603052,129.29310273011387,16020861
2024-08-01,129.49098205566406,130.6123996353748,128.13208195028795,130.2166105243193,9729102
2024-08-02,127.47901916503906,130.0582917344747,127.04364207415834,127.97376311406042,17568840
2024-08-05,115.77668762207031,124.01582502236823,112.346462240966,124.01582502236823,131587926
2024-08-06,115.67115020751953,122.597566297201,114.97850406903471,120.41409769275813,63867487
2024-08-07,119.3388442993164,120.9484079564244,116.69361426373186,119.99190242644666,31695174
2024-08-08,120.36790466308594,121.97087021782748,117.81502408803163,119.33883634874172,17658948
2024-08-09,123.84431457519531,124.51056868296422,121.58168527745264,121.58168527745264,19882804
2024-08-12,124.15435028076172,125.31534834005323,122.10940957358768,122.5645731136444,14379006
2024-08-13,119.2003173828125,125.17022760316196,117.22134145232772,124.77443090722619,47424657
2024-08-14,122.29462432861328,125.09076122855426,121.35373971924898,121.91694198449233,49126998
2024-08-16,123.03009796142578,124.89198514896407,122.32112463604578,124.63357211386572,19901452
2024-08-19,123.32826232910156,124.26914694619664,122.71205653355011,123.90471927177498,30698122
2024-08-20,125.56782531738281,126.09127873853951,120.69115210880099,123.80533295886596,42793029
2024-08-21,128.2314453125,129.13919319722353,125.22989904150634,125.89248857233889,26261607
2024-08-22,128.46998596191406,129.13921050121718,127.78089457737693,128.74166127910667,13422336
2024-08-23,131.00770568847656,131.38537284354794,127.9597832765269,128.41033596134463,41235546
2024-08-26,131.16009521484375,132.12086181953686,130.298738653934,132.12086181953686,17208246
2024-08-27,132.4587860107422,133.0683796487278,130.73604248151997,131.2926325926681,18300570
2024-08-28,130.51077270507812,132.71720562660488,130.25897941484436,132.71720562660488,13220776
2024-08-29,128.99343872070312,131.65043968721594,127.56886460090071,130.53064723650033,15405211
2024-08-30,129.39097595214844,130.26560235364977,128.06579684288246,130.03369108073122,20743273
2024-09-02,128.0260467529297,129.7023988407364,127.80076281846097,129.3909747010989,7002138
2024-09-03,127.7146224975586,128.87416368435998,126.34967938509719,128.01279196451085,17868903
2024-09-04,127.98628234863281,128.19168427385776,124.99799068029601,126.50870485493313,18748972
2024-09-05,128.00616455078125,129.63614044820008,127.5622240187225,128.21156647631685,13994482
2024-09-06,124.45467376708984,128.44348098905593,124.16975896552084,127.88027872228272,13783662
2024-09-09,124.14325714111328,125.38230364395133,122.59941382776333,123.90471852868707,14824486
2024-09-10,125.6274642944336,126.150910135041,123.17587300685814,124.76609253812644,15433758
2024-09-11,121.81092834472656,124.63357461307625,120.66464937861511,124.63357461307625,27337789
2024-09-12,125.1305160522461,125.89249290149151,122.8511976752421,122.8511976752421,16979335
2024-09-13,126.2171630859375,127.4495898063426,120.6447638303469,122.08259247656467,50309443
2024-09-16,128.40371704101562,128.80790873184256,125.68046566647502,125.8924949336764,33183306
2024-09-17,129.2120819091797,130.53063366727312,125.62745888597635,129.7023986290329,61568832
2024-09-18,135.27479553222656,138.21671113080149,129.2385962587681,129.47049237251701,140782561
2024-09-19,135.89764404296875,137.1764470008937,133.07499016516715,136.82527399597558,51366397
2024-09-20,134.35379028320312,136.58010515646694,132.1871214368502,136.56022314749666,49227394
2024-09-23,137.38185119628906,139.54189278753537,134.90375811167672,135.16879091246182,34523124
2024-09-24,136.6066131591797,138.23658907154976,135.51995749575659,137.81915788045208,32300989
2024-09-25,136.1494140625,137.27581854577687,135.56632981265443,137.1499294915226,19783440
2024-09-26,141.11886596679688,141.66220140980138,134.2477889625001,135.6325990026115,77413540
2024-09-27,142.5235595703125,143.77586838853927,141.48992253141645,141.76158267311496,49835152
2024-09-30,140.06533813476562,142.0597416931874,138.68714035226637,141.86759444026018,30211713
2024-10-01,139.6412811279297,142.0928647513866,138.70039653059035,140.46951617434243,15644047
2024-10-03,135.11578369140625,138.05105676057082,133.51230192632914,133.51230192632914,29934076
2024-10-04,133.1280059814453,136.4012125093605,132.20037604847434,135.1290369153768,17067202
2024-10-07,131.8889617919922,135.14228655486633,130.69629897890297,133.08825194189868,25480270
2024-10-08,135.04290771484375,135.8247666435473,129.44400614463058,131.22638062184265,21525315
2024-10-09,136.52711486816406,138.33598355607413,135.2218024654216,135.8313961420448,13786501
2024-10-10,139.1575927734375,142.45729347661015,137.3553364349842,137.55411102773664,37438473
2024-10-11,141.0128631591797,141.89410180246534,138.61426769795742,139.4756394963559,15055069
2024-10-14,141.96035766601562,143.03375872792515,140.90021127749947,141.6356939955292,15046014
2024-10-15,139.89968872070312,142.62294767598857,137.1565629218566,142.4572945979596,17815351
2024-10-16,136.91140747070312,139.71417951172435,136.36808717147133,138.51488935197304,21596799
2024-10-17,134.44656372070312,136.91140214755836,132.63106779224915,136.48734359744284,17762751
2024-10-18,135.92413330078125,136.36144649835805,131.5510316560713,133.8436046924733,20845005
2024-10-21,132.10098266601562,136.9312796423047,131.8558318815014,135.9241368276068,13407735
2024-10-22,128.20494079589844,133.30027047949721,127.7212514059368,132.49191743930987,21445761
2024-10-23,130.9480743408203,131.88895899703647,126.86651454864935,127.21768756486993,20533344
2024-10-24,127.50260162353516,132.7105811369203,126.54846988239015,132.51841870549273,17596192
2024-10-25,125.67384338378906,128.81452608265928,123.99749118787264,127.66825465882702,19057266
2024-10-28,126.19066619873047,127.52248026538781,123.91134775259063,123.91134775259063,11463882
2024-10-29,126.07139587402344,126.8201256501829,123.90471941692378,126.19066518109155,17364205
2024-10-30,122.61930084228516,126.52196801440873,122.28137491893594,126.0647727799777,21707964
2024-10-31,119.89604187011719,123.5071668953658,119.0412974302773,122.57954450081164,22821669
2024-11-01,120.74415588378906,121.71816960988123,120.02855520058091,120.02855520058091,2598148
2024-11-04,122.65242767333984,122.91083313508844,119.73039405940277,120.80379509098351,28195791
2024-11-05,122.02957916259766,123.57342241190237,120.53874701922122,122.06933559635276,22461463
2024-11-06,124.4149169921875,125.15039208861532,122.42051338664639,122.91083011759827,16918128
2024-11-07,121.04895782470703,125.72022930722692,120.57188815477963,124.46792805858699,24389580
2024-11-08,116.66921997070312,121.70491910600111,116.29817252621822,121.05558418246126,18062914
2024-11-11,115.8343505859375,118.52447283247197,114.19774732771232,116.31141264062808,22014631
2024-11-12,110.01679229736328,116.6824670166216,108.20128888272482,116.0861356600907,45663886
2024-11-13,105.94184875488281,112.25635070780336,105.21962831438019,110.65288408184331,68796726
2024-11-14,109.56623077392578,111.52087803226424,106.3460351958427,106.3460351958427,37887424
2024-11-18,109.29456329345703,111.31546861699799,108.53257886846723,110.32158050434623,19671880
2024-11-19,109.56623077392578,112.6340355229881,108.99640114665542,109.69212742189472,20247315
2024-11-21,107.23390197753906,109.52646743263067,106.67732705864431,109.32769284238671,16225894
2024-11-22,109.48009490966797,110.07642628312801,107.6049529982081,108.00250977476975,14350263
2024-11-25,109.46022033691406,113.44240054399494,109.02291467747457,112.9719582000563,78378736
2024-11-26,110.20231628417969,110.61975507364909,108.83075335525133,109.9902870125744,12732241
2024-11-27,108.40006256103516,110.22219329658907,107.37304534933575,110.22219329658907,22808661
2024-11-28,107.21402740478516,108.85725039707268,106.69720133843535,108.66510314331957,26455468
2024-11-29,107.64470672607422,108.00250705770186,106.62431683868944,107.99588730418364,21796333
2024-12-02,109.82463836669922,110.45409882697172,106.74358668020449,107.64470726732277,25927936
2024-12-03,110.12281036376953,111.31547311402818,109.40058234404027,110.91791633635368,23195494
2024-12-04,107.657958984375,110.78539435645946,107.33991509481206,110.65287796483268,41451690
2024-12-05,110.65287780761719,111.85216783221738,107.86998809082205,108.40006123934049,37119991
2024-12-06,112.8990707397461,115.66870606107935,110.34146469900969,112.63403793038265,79893495
2024-12-09,110.52698516845703,112.94544731353294,109.88427003085636,112.46175791762364,30714513
2024-12-10,110.8516616821289,111.15645092452614,108.6651107091427,110.52036309301141,29316321
2024-12-11,110.52698516845703,111.97144118534976,110.28845413868468,111.3154713750199,17571738
2024-12-12,109.18855285644531,111.18295649455371,108.67172677166711,110.65288331963045,15713007
2024-12-13,108.74461364746094,108.96327025658022,106.28640258591551,108.69161012069773,15319813
2024-12-16,111.8521728515625,112.16358941852351,108.83075197803949,108.93676661250056,24793854
2024-12-17,108.95002746582031,112.24973599414264,108.33381405059941,111.69978078137298,19945074
2024-12-18,105.7165756225586,109.59273348967685,105.32564616749525,108.95002590201872,22363585
2024-12-19,104.39801025390625,104.98108694366381,102.41686132701952,102.72165055316952,28127700
2024-12-20,103.40412902832031,105.61718179509428,102.70178298606729,104.68955938203784,25000230
2024-12-23,103.67578125,104.88832597211196,103.16559009922668,104.14622354872519,8720616
2024-12-24,104.16609954833984,104.77568558673602,103.05957702418914,104.02695581577564,6372226
2024-12-26,103.62940216064453,104.94133423767585,102.97343991351134,104.68955611042823,20552493
2024-12-27,104.04021453857422,106.56469141485651,103.6360304151088,103.68241418869074,13273540
2024-12-30,101.94641876220703,104.25223891830838,101.36333449118075,104.04020965298331,54119110
2024-12-31,103.44387817382812,103.83480760524705,100.97903228016887,101.39646347403195,14935015
2025-01-01,102.96680450439453,103.64927604427142,101.96628907934654,103.55651608796647,10466761
2025-01-02,105.86234283447266,106.59781794359472,102.36385229395856,102.37047963041967,18015825
2025-01-03,106.06774139404297,107.19414590812534,105.45152802976405,106.67732742207158,21423820
2025-01-06,102.24459075927734,106.43879239796382,101.6416244644296,105.59730265219011,18301117
2025-01-07,101.57536315917969,103.68240871018479,101.3765885676431,102.37047669085528,11486536
2025-01-08,100.31644439697266,102.09881875378483,99.58096929320894,101.38321807649483,18826099
2025-01-09,98.54069519042969,101.32357738366177,98.39492412364052,101.02541549658223,12269697
2025-01-10,95.996337890625,99.2364153419617,95.47951939555543,98.59370020423414,21085603
2025-01-13,92.60387420654297,95.4596497006138,91.51059871768797,94.4790086045029,21148368
2025-01-14,96.46015167236328,97.34140541182212,92.76289421601815,92.76289421601815,12186148
2025-01-15,98.99787902832031,99.34905200932275,96.77157184237937,96.97697376217108,14424391
2025-01-16,98.72622680664062,100.34957545224567,98.46118642431483,99.75324407046881,10413076
2025-01-17,100.1375503540039,100.44896693957615,97.75884448151055,98.7924891249711,7186105
2025-01-20,99.62071990966797,100.48209167222933,99.03764320201844,99.72011479209036,14049108
2025-01-21,96.67218017578125,100.34957075985102,96.3408891918215,99.72011030756293,9299127
2025-01-22,94.57839965820312,97.13599797677917,93.16707272730865,97.13599797677917,18067305
2025-01-23,96.05597686767578,96.46678073146253,94.4326282562072,94.6512772781411,8877321
2025-01-24,94.74404907226562,96.74507253803417,94.33986494398592,96.18187024278161,10511362
2025-01-27,91.10640716552734,93.73027115806791,90.3444303285987,93.72365140467807,17510431
2025-01-28,91.65636444091797,94.53201419436091,90.11252114019089,92.23282137542095,34296334
2025-01-29,93.6772689819336,94.15433103320483,91.54372167541862,91.93465110373805,7166146
2025-01-30,91.90814971923828,93.88929863121179,90.70885208435237,93.87604395865799,16394604
2025-01-31,93.59776306152344,94.08146006772043,91.76238508786093,92.44485669971796,11449777
2025-02-01,94.50550842285156,94.98257807907896,92.53761409998026,93.82304441268262,10593658
2025-02-03,86.54115295410156,93.65076827736202,85.87856339417974,93.65076827736202,68479860
2025-02-04,91.38469696044922,94.18084143349827,90.8745058049776,91.11303683328595,70736142
2025-02-05,90.62934875488281,92.10029896401188,89.84748987814274,91.3714511958674,24785067
2025-02-06,90.58296966552734,91.83527091688798,90.13240934161409,91.76238537802912,6192094
2025-02-07,91.48409271240234,92.31895511082728,90.00650759142616,91.30519254377347,12089565
2025-02-10,89.78123474121094,91.64974178885032,89.33729417910597,91.50397071369736,7981143
2025-02-11,85.22259521484375,90.00650845923833,84.8184111017438,89.45656085803977,32482851
2025-02-12,85.2292251586914,85.80568212332949,80.17364404449411,85.46775619887215,50870820
2025-02-13,86.01107788085938,86.86582226140008,83.86427592524144,86.13696693717257,43298379
2025-02-14,83.6257553100586,87.6543193549337,82.8240219363911,87.0182239097299,36356068
2025-02-17,82.68487548828125,83.61912524040095,80.22665675159482,83.61912524040095,69063559
2025-02-18,85.0503158569336,85.38823416236713,81.83674037352249,82.72461382073365,44277318
2025-02-19,85.1165771484375,85.69966140838412,83.17518469861761,84.81178792886101,31224145
2025-02-20,87.33627319335938,87.59467866772468,84.48049763955306,84.646143146552,22732638
2025-02-21,85.32860565185547,86.79293604213532,83.87752993382558,86.79293604213532,22898901
2025-02-24,83.811279296875,84.81179482457804,82.99629128358173,84.81179482457804,14712712
2025-02-25,83.2480697631836,83.88415754349661,82.12828502010699,82.81738390682833,30843600
2025-02-27,81.43257141113281,83.14868760643371,81.20066012826055,82.81738902351546,37058766
2025-02-28,78.57678985595703,80.2531494841071,77.3377434132629,79.50441974965877,59611042
2025-03-03,79.12012481689453,79.71645620735265,76.80104987315181,79.06711370655168,27788080
2025-03-04,78.36476135253906,79.65681891320712,76.74804015044252,77.88769931178722,28319941
2025-03-05,82.12165832519531,82.31381316112473,77.65578915583994,78.51716087527637,15541101
2025-03-06,84.72565460205078,86.85257472385985,82.77763465790628,84.67927082776289,40741189
2025-03-07,84.67264556884766,86.48152165529028,83.83777559977011,84.72564909364627,18841185
2025-03-10,83.35408782958984,85.48100785446418,83.15530565081924,84.79853627575389,14067241
2025-03-11,82.532470703125,83.47997505568433,81.58495876780106,82.16141569941855,31065579
2025-03-12,83.14205932617188,83.39384503308945,81.18741211639387,82.8240154199757,13818637
2025-03-13,80.67720794677734,83.81127060837973,80.34590938987371,83.75163216682319,20251365
2025-03-17,80.1670150756836,81.49882144493499,79.13337057669418,79.5110453121317,18117784
2025-03-18,80.1670150756836,80.1670150756836,80.1670150756836,80.1670150756836,0
2025-03-19,85.48101043701172,85.6599106119278,82.82401715975082,83.48660674921977,14779144
2025-03-20,85.32198333740234,86.13697132516006,84.35460452362311,85.80568032705686,10843546
2025-03-21,87.02484130859375,87.99222766578139,85.65327843361047,86.13034806734116,28235211
2025-03-24,88.78733825683594,89.44992778692878,87.32963522442022,87.59466800335163,13819324
2025-03-25,87.10436248779297,90.37756929095396,86.66042949293804,90.11252889520428,18107763
2025-03-26,89.40354919433594,90.04626433633045,87.85971345247893,88.224133544611,28123465
2025-03-27,87.40252685546875,88.04523442234112,82.64511534706728,86.4682695624472,55633498
2025-03-28,87.10321807861328,91.24022283079033,86.8238717635275,89.65725784143221,28719250
2025-04-01,87.20963287353516,88.3469757497125,85.8661065449218,87.10321487115374,14986759
2025-04-02,87.9412612915039,88.154097296011,85.87275899407057,86.46470675297596,11112421
2025-04-03,85.75968933105469,86.8903796653013,84.95490555927567,86.13215614862223,29815504
2025-04-04,79.1019058227539,85.50029097219044,78.41018501207242,85.46703582268212,62319645
2025-04-07,76.07564544677734,76.46140976781425,71.3333878123325,73.16909651644472,45359316
2025-04-08,76.50797271728516,80.80460082046119,75.15779374032078,80.80460082046119,37537851
2025-04-09,75.16443634033203,77.00680521609384,74.4993257017662,76.52126782783466,22199550
2025-04-11,78.6363296508789,79.81358026424111,76.78731585332972,79.13516452753042,34635463
2025-04-15,84.88838958740234,86.49796477936826,83.1391488501761,85.1344883616874,80473206
2025-04-16,85.3606185913086,86.19201255974174,84.42281423278239,85.13448509493699,21142170
2025-04-17,86.24522399902344,86.46471257061731,84.37626008732518,85.40053247648015,14369247
2025-04-21,88.16740417480469,88.42014027507864,85.72643501455735,87.12982672904987,15849453
2025-04-22,88.65958404541016,89.95655010807687,87.39586552085667,88.46004553541968,23254356
2025-04-23,90.27581024169922,90.90102079996342,88.75270296817094,89.72377015174598,24652246
2025-04-24,90.5817642211914,92.01175855118015,89.9033484835134,90.72143737792368,24761502
2025-04-25,88.93228149414062,90.8611107051106,87.81488862657,90.16938986106855,38228610
2025-04-28,89.78362274169922,90.5485064166618,88.12749495542727,88.46669900851798,19022104
2025-04-29,90.50859832763672,92.76997896955771,89.69716201300446,91.59272839404439,35097037
2025-04-30,88.63963317871094,90.12284037206489,87.64196338718112,90.12284037206489,28209172
2025-05-02,87.88140106201172,89.65725966561912,87.39587127701883,88.37359101132814,13176181
2025-05-05,92.390869140625,92.77663345485698,88.16075156573798,88.16075156573798,18358515
2025-05-06,90.1028823852539,93.38189062443784,89.25819086424553,92.98282118695745,15873267
2025-05-07,94.75202178955078,95.07127579881218,86.87708194948688,87.12982565827082,41575503
2025-05-08,94.09355926513672,97.97116776111643,93.12249210008929,95.77629732538942,58000560
2025-05-09,91.67919921875,95.07127789935845,90.73473466322429,91.12050659310255,32624419
2025-05-12,96.48131561279297,97.1065261587706,92.51723915859542,95.44373814563434,39048681
2025-05-13,94.74536895751953,96.60103525950404,94.18667634586517,96.1421080982714,14950111
2025-05-14,93.84081268310547,95.64992635256168,92.98946865588655,95.1111837831592,13084842
2025-05-15,95.57011413574219,96.1687144734004,93.90068117594203,94.18002749274144,15295747
2025-05-16,97.7982406616211,98.00442412488026,95.45039193365784,95.90266656461606,15832765
2025-05-19,98.19731140136719,99.7603263899204,97.57875339174062,98.2704742585447,18345486
2025-05-20,97.05996704101562,99.03534893289256,96.82717336733415,99.02205143917293,19353394
2025-05-21,98.59637451171875,98.75599770974216,96.87372881383774,97.50558427682564,12889834
2025-05-22,98.56977844238281,99.03535057422916,96.60769401170742,97.77163956455618,15487942
2025-05-23,98.5897216796875,99.02204624101569,96.98014654126466,98.44339597513853,20196588
2025-05-26,99.76032257080078,100.81785007139071,98.58972451239097,98.60302961741077,18707139
2025-05-27,98.65623474121094,101.96849800838775,97.81819580437138,101.26347967518315,39306147
2025-05-28,98.90232849121094,99.59404934912655,98.00442416994136,99.14841965902315,20803096
2025-05-29,101.15705871582031,102.21458618474381,97.79823529081392,100.43208274627254,52550901
2025-05-30,101.84213256835938,105.52685514250884,101.46301318201702,103.09254606478888,77430208
2025-06-02,100.39218139648438,102.59371204205956,100.09953758083945,102.36091836615027,24675474
2025-06-03,100.0396728515625,101.53617753777404,99.70712132903758,100.2990691284251,14172043
2025-06-04,101.56942749023438,102.39416892478361,99.88004452976872,100.03966773008557,20919648
2025-06-05,103.51156616210938,104.3562576781551,101.9618486789566,102.42742841801233,20085477
2025-06-06,104.74867248535156,105.40048562943947,102.91296377635783,103.65123726918216,14573961
2025-06-09,107.08322143554688,107.31600748976012,105.18764740477476,105.22090255537665,21832009
2025-06-10,105.63992309570312,107.91460891114725,105.42043453252586,107.64191515111159,16479480
2025-06-11,106.1321029663086,106.45135697492985,104.2298840192963,105.75299120970085,13470111
2025-06-12,103.25216674804688,106.05229764995578,102.75998442471176,106.02568743990382,13840854
2025-06-13,102.43408203125,102.60035779277125,99.76697923604351,99.76697923604351,9716179
2025-06-16,101.88204193115234,102.67352064524879,100.08623326034295,102.07492029218447,15588451
2025-06-17,100.29906463623047,102.07491556647271,100.01971832517431,101.88203721437017,16860490
2025-06-18,99.64060974121094,101.54948133541464,99.2016326031921,99.8999984031163,9407610
2025-06-19,98.2638168334961,101.15040804926478,98.03767572041188,98.86906970758281,15789631
2025-06-20,99.89999389648438,100.5651121261963,97.28610406758467,97.77163382928462,28915708
2025-06-23,98.69999694824219,99.26666259765625,96.78666687011719,98.33333587646484,21541980
2025-06-24,100.96666717529297,103.05332946777344,100.06666564941406,100.63999938964844,20919358
2025-06-25,102.23999786376953,103.4000015258789,100.90666961669922,101.33999633789062,18785613
2025-06-26,102.92666625976562,103.1866683959961,101.33333587646484,102.74666595458984,15513201
2025-06-27,102.75333404541016,104.32666778564453,102.27333068847656,103.41999816894531,31792290
2025-06-30,103.22000122070312,103.63333129882812,101.69999694824219,103.46666717529297,9059988
2025-07-01,101.43333435058594,103.45333099365234,101.32666778564453,103.22666931152344,8339743
2025-07-02,101.94666290283203,102.32666778564453,100.69999694824219,101.4000015258789,10867662
2025-07-03,102.85333251953125,104.13333129882812,102.24666595458984,102.45333099365234,14066409
2025-07-04,102.5999984741211,103.22000122070312,101.74666595458984,102.85333251953125,5751045
2025-07-07,103.49333190917969,103.98666381835938,102.04666900634766,102.33333587646484,13209805
2025-07-08,102.6933364868164,103.8066635131836,101.33333587646484,103.49333190917969,15747742
2025-07-09,103.27999877929688,103.87333679199219,102.33333587646484,102.6933364868164,11630878
2025-07-10,102.35333251953125,104.0,101.95999908447266,104.0,15224410
2025-07-11,100.5,102.99333190917969,100.0,102.26666259765625,9892551
2025-07-14,101.49333190917969,102.4800033569336,100.53333282470703,101.19999694824219,18965572
2025-07-15,104.00666809082031,105.94666290283203,102.23999786376953,102.62666320800781,24891183
2025-07-16,102.78666687011719,104.24666595458984,102.2933349609375,104.0,9407277
2025-07-17,102.58000183105469,103.63333129882812,102.44000244140625,102.6866683959961,7232913
2025-07-18,100.97000122070312,103.58999633789062,100.80000305175781,102.63999938964844,12755135
2025-07-21,100.80999755859375,101.51000213623047,99.9000015258789,101.0,12592541
2025-07-22,97.23999786376953,101.2699966430664,97.0999984741211,101.0,13022343
2025-07-23,98.83000183105469,99.0999984741211,96.9800033569336,97.69999694824219,16250471
2025-07-24,103.05000305175781,103.75,99.0999984741211,99.11000061035156,34498069
2025-07-25,100.33999633789062,103.47000122070312,100.0,103.27999877929688,11999734
2025-07-28,101.87999725341797,102.31999969482422,100.6500015258789,100.6500015258789,16642565
2025-07-29,102.58999633789062,102.69000244140625,101.0,101.87999725341797,5756095
2025-07-30,98.91999816894531,102.80000305175781,98.44999694824219,102.69000244140625,16070296
2025-07-31,97.16999816894531,98.5,95.55000305175781,96.88999938964844,17246210
2025-08-01,95.54000091552734,97.98999786376953,95.30999755859375,97.16999816894531,6424969
2025-08-04,98.30000305175781,98.5,95.05999755859375,95.55000305175781,9078395
2025-08-05,97.37999725341797,99.08000183105469,96.45999908447266,98.5,9072134
2025-08-06,95.3499984741211,97.80000305175781,94.7699966430664,97.5999984741211,11149228
2025-08-07,94.12000274658203,94.76000213623047,92.55999755859375,94.48999786376953,24236301
2025-08-08,91.44999694824219,94.54000091552734,91.0,94.12000274658203,9884650
2025-08-11,90.7699966430664,91.83000183105469,89.69999694824219,91.51000213623047,19734988
2025-08-12,90.2699966430664,91.75,90.0999984741211,91.30999755859375,7712576
2025-08-13,93.38999938964844,94.58999633789062,89.86000061035156,91.0,27152026
2025-08-14,93.0999984741211,93.88999938964844,91.62000274658203,93.0,14771758
2025-08-18,94.08000183105469,95.7699966430664,93.1500015258789,93.80000305175781,14834715
2025-08-19,99.4000015258789,99.8499984741211,93.9000015258789,94.0999984741211,30083383
2025-08-20,97.97000122070312,99.69000244140625,97.68000030517578,99.69000244140625,14042238
2025-08-21,97.9000015258789,98.88999938964844,97.48999786376953,98.5,10323617
2025-08-22,95.16000366210938,98.20999908447266,95.0,97.9000015258789,9583759
2025-08-25,94.97000122070312,96.30000305175781,94.4000015258789,96.0,10376097
2025-08-26,92.95999908447266,94.69999694824219,92.51000213623047,94.69999694824219,14380291
2025-08-28,92.11000061035156,93.30000305175781,91.94999694824219,93.0,13098197
2025-08-29,92.75,95.06999969482422,91.0999984741211,92.19999694824219,28080321
2025-09-01,96.73999786376953,96.94999694824219,93.41999816894531,94.4000015258789,30257885
2025-09-02,96.47000122070312,97.4000015258789,95.22000122070312,96.73999786376953,12452715
2025-09-03,96.52999877929688,96.88999938964844,95.25,96.37000274658203,12129613
2025-09-04,94.31999969482422,98.4000015258789,94.12000274658203,98.4000015258789,14039109
2025-09-05,94.5999984741211,96.0999984741211,93.48999786376953,94.80000305175781,19637004
2025-09-08,98.56999969482422,99.33000183105469,95.08999633789062,96.93000030517578,56299081
2025-09-09,98.81999969482422,99.5,97.25,99.0999984741211,22643077
2025-09-10,100.5999984741211,102.19999694824219,98.91000366210938,99.0,39207033
2025-09-11,100.66999816894531,101.94999694824219,100.19999694824219,100.91000366210938,19218566
2025-09-12,104.69000244140625,105.30000305175781,100.56999969482422,100.69999694824219,46300257
2025-09-15,107.80999755859375,108.06999969482422,105.30999755859375,105.76000213623047,44585391
2025-09-16,109.88999938964844,110.9000015258789,107.22000122070312,108.5,42750129
2025-09-17,109.33999633789062,111.9000015258789,108.87000274658203,110.5,23963434
2025-09-18,108.9800033569336,110.08000183105469,108.05999755859375,109.87000274658203,16247845
2025-09-19,109.08000183105469,110.18000030517578,108.55999755859375,108.9800033569336,13983683
2025-09-22,109.94999694824219,110.2300033569336,108.55000305175781,109.08000183105469,16627782
2025-09-23,112.08000183105469,112.37999725341797,109.37000274658203,109.94999694824219,33790140
2025-09-24,107.95999908447266,112.5999984741211,107.5,112.5,24814885
2025-09-25,105.37999725341797,108.69999694824219,105.05000305175781,107.75,14787443
2025-09-26,105.66000366210938,106.01000213623047,103.26000213623047,105.0,24534407
2025-09-29,106.87999725341797,107.30000305175781,105.45999908447266,106.0,26556235
2025-09-30,105.6500015258789,107.16000366210938,104.54000091552734,106.69000244140625,22843513
2025-10-01,106.0,106.61000061035156,105.12000274658203,105.5999984741211,7448493
2025-10-03,106.66999816894531,107.11000061035156,105.55999755859375,105.98999786376953,8086392
2025-10-06,106.22000122070312,107.4000015258789,105.94999694824219,107.0,7260072
2025-10-07,104.12000274658203,106.75,103.54000091552734,105.9000015258789,18966822
2025-10-08,101.63999938964844,104.94999694824219,101.22000122070312,104.69999694824219,11890467
2025-10-09,103.44000244140625,103.75,101.01000213623047,101.27999877929688,13623431
2025-10-10,104.0999984741211,104.9000015258789,102.81999969482422,103.11000061035156,9724654
2025-10-13,104.0999984741211,104.5,102.02999877929688,103.0,16216577
2025-10-14,105.05000305175781,105.33999633789062,102.80000305175781,104.0,24973101
2025-10-15,104.77999877929688,105.9000015258789,103.9000015258789,105.0,13717505
2025-10-16,107.2699966430664,108.55000305175781,104.69000244140625,104.9000015258789,18610741
2025-10-17,104.69999694824219,106.87000274658203,103.83000183105469,106.69000244140625,14290399
2025-10-20,105.7699966430664,106.02999877929688,104.66000366210938,104.69999694824219,5352437
2025-10-21,105.37000274658203,106.61000061035156,105.0,106.61000061035156,1768861
